[
  {
    "apiDetails": {
      "URL": "/accounts/{key}/restraints",
      "METHOD": "POST"
    },
    "mockData": [
      {
        "matcher": {
          "path": {"key": "DDA-775021122"},
          "query": { "accountingsystem": "CMM"},
          "body": { "$['fromSerialNumber']": "11102"}
        },
        "response": {
          "httpStatus": 200
        }
      },
      {
        "matcher": {
          "path": {"key": "DDA-775021122"},
          "query": { "accountingsystem": "CMM"},
          "body": { "$['fromSerialNumber']": "302"}
        },
        "response": {
          "httpStatus": 400,
          "body": {
            "httpCode": 400,
            "httpMessage": "Bad request",
            "moreInformation": "STOP RECORD ALREADY EXISTS",
            "errors": {
              "statusCode": 46658,
              "statusMessage": "CACHE Error",
              "moreInformation": "STOP RECORD ALREADY EXISTS"
            }
          }
        }
      },
      {
        "matcher": {
          "path": {"key": "DDA-775021122"},
          "query": { "accountingsystem": "CMM"},
          "body": { "$['fromSerialNumber']": "303" }
        },
        "responseLoop": [
          {
            "httpStatus": 503
          },
          {
            "httpStatus": 200
          }
        ]
      },
      {
        "matcher": {
          "path": {"key": "DDA-775021122"},
          "query": { "accountingsystem": "CMM"},
          "body": { "$['fromSerialNumber']": "11103" }
        },
        "responseLoop": [
          {
            "httpStatus": 504
          },
          {
            "httpStatus": 200
          }
        ]
      },
      {
        "matcher": {
          "path": {"key": "*"}
        },
        "response": {
            "httpStatus": 200
          }
        }
    ]
  }
]
