[
  {
    "apiDetails": {
      "URL": "/api/accounts/{key}/restraints",
      "METHOD": "POST"
    },
    "mockData": [
      {
        "matcher": {
          "body": { "$['fromSerialNumber']": "100400"},
          "path": {"key": "*"},
          "query": { "accountingsystem": "CMM"}
        },
        "response": {
          "httpStatus": 400,
          "body": {
            "httpCode": 400,
            "httpMessage": "Bad request",
            "moreInformation": "STOP RECORD ALREADY EXISTS",
            "errors": {
              "statusCode": 46658,
              "statusMessage": "CACHE Error",
              "moreInformation": "STOP RECORD ALREADY EXISTS"
            }
          }
        }
      },
      {
        "matcher": {
          "query": { "accountingsystem": "CMM"},
          "path": {"key": "*"},
          "body": { "$['fromSerialNumber']": "100503" }
        },
        "responseLoop": [
          {
            "httpStatus": 503
          },
          {
            "httpStatus": 200
          }
        ]
      },
      {
        "matcher": {
          "body": { "$['fromSerialNumber']": "100504" },
          "path": {"key": "*"},
          "query": { "accountingsystem": "CMM"}
        },
        "responseLoop": [
          {
            "httpStatus": 504
          },
          {
            "httpStatus": 200
          }
        ]
      },
      {
        "matcher": {
          "path": {"key": "*"}
        },
        "response": {
            "httpStatus": 200
          }
        }
    ]
  }
]
