[
  {
    "apiDetails": {
      "URL": "/caas/transactionssigningadk/v1",
      "METHOD": "POST"
    },
    "mockData": [
      {
        "matcher": {
          "body": {
            "$['delivery']": "PUSH",
            "$['serial']": "0502060"
          }
        },
        "responseLoop": [
          {
            "httpStatus": 504,
            "body": {
              "resultName": "TIMEDOUT",
              "resultCode": 416,
              "resultMessage": "The mobile token did not respond within the given time: Before first credential-fetch for 6100539_011_0502015",
              "credentialID": "V3EG_42S0ac:1601597834:300"
            }
          },
          {
            "httpStatus": 504,
            "body": {
              "resultName": "TIMEDOUT",
              "resultCode": 416,
              "resultMessage": "The mobile token did not respond within the given time: Before first credential-fetch for 6100539_011_0502015",
              "credentialID": "V3EG_42S0ac:1601597834:300"
            }
          },
          {
            "httpStatus": 400,
            "body": {
              "resultName": "INVALID_REQUEST",
              "resultCode": 400,
              "resultMessage": "Invalid request format",
              "credentialID": "V3EG_42S0ac:1601597834:300"
            }
          },
          {
            "httpStatus": 404,
            "body": {
              "resultName": "NOT_FOUND",
              "resultCode": 404,
              "resultMessage": "Service resource not found",
              "credentialID": "V3EG_42S0ac:1601597834:300"
            }
          },
          {
            "httpStatus": 503,
            "body": {
              "resultName": "GATEWAY_ERR",
              "resultCode": 410,
              "resultMessage": "The FCI or push gateway was unavailable",
              "credentialID": "V3EG_42S0ac:1601597834:300"
            }
          },
          {
            "httpStatus": 412,
            "body": {
              "resultName": "INVALID_SIG_ACCEPTED",
              "resultCode": 411,
              "resultMessage": "Invalid signature for accepted response",
              "credentialID": "V3EG_42S0ac:1601597834:300"
            }
          },
          {
            "httpStatus": 412,
            "body": {
              "resultName": "INVALID_SIG_DECLINED",
              "resultCode": 412,
              "resultMessage": "Invalid signature for declined response",
              "credentialID": "V3EG_42S0ac:1601597834:300"
            }
          },
          {
            "httpStatus": 412,
            "body": {
              "resultName": "INVALID_TOKEN_ID",
              "resultCode": 414,
              "resultMessage": "Invalid token identifier",
              "credentialID": "V3EG_42S0ac:1601597834:300"
            }
          },
          {
            "httpStatus": 412,
            "body": {
              "resultName": "INVALID_TOKEN_OP",
              "resultCode": 415,
              "resultMessage": "Token operation not supported",
              "credentialID": "V3EG_42S0ac:1601597834:300"
            }
          },
          {
            "httpStatus": 412,
            "body": {
              "resultName": "INVALID_TOKEN_STATE",
              "resultCode": 419,
              "resultMessage": "Token not in activated state",
              "credentialID": "V3EG_42S0ac:1601597834:300"
            }
          },
          {
            "httpStatus": 412,
            "body": {
              "resultName": "INVALID_DELIVERY_ID",
              "resultCode": 420,
              "resultMessage": "Invalid delivery identifier",
              "credentialID": "V3EG_42S0ac:1601597834:300"
            }
          },
          {
            "httpStatus": 401,
            "body": {
              "resultName": "INVALID_CLIENT_AUTH",
              "resultCode": 421,
              "resultMessage": "Invalid client authentication",
              "credentialID": "V3EG_42S0ac:1601597834:300"
            }
          },
          {
            "httpStatus": 412,
            "body": {
              "resultName": "INVALID_CREDENTIAL_ID",
              "resultCode": 422,
              "resultMessage": "Invalid credential identifier",
              "credentialID": "V3EG_42S0ac:1601597834:300"
            }
          },
          {
            "httpStatus": 503,
            "body": {
              "resultName": "SERVER_BUSY",
              "resultCode": 417,
              "resultMessage": "The concurrent authenticate call threshold was reached",
              "credentialID": "V3EG_42S0ac:1601597834:300"
            }
          },
          {
            "httpStatus": 410,
            "body": {
              "resultName": "EXPIRED",
              "resultCode": 418,
              "resultMessage": "The target transaction has expired",
              "credentialID": "V3EG_42S0ac:1601597834:300"
            }
          },
          {
            "httpStatus": 410,
            "body": {
              "resultName": "VREXPIRED",
              "resultCode": 418,
              "resultMessage": "The target transaction has expired or already been verified",
              "credentialID": "V3EG_42S0ac:1601597834:300"
            }
          },
          {
            "httpStatus": 410,
            "body": {
              "resultName": "SUPERCEDED",
              "resultCode": 418,
              "resultMessage": "The target transaction has been superceded",
              "credentialID": "V3EG_42S0ac:1601597834:300"
            }
          },
          {
            "httpStatus": 500,
            "body": {
              "resultName": "SERVER_EXCEPTION",
              "resultCode": 500,
              "resultMessage": "Unexpected exception at the connector server",
              "credentialID": "V3EG_42S0ac:1601597834:300"
            }
          },
          {
            "httpStatus": 500,
            "body": {
              "resultName": "SERVER_ERR",
              "resultCode": 500,
              "resultMessage": "Unexpected error at the connector",
              "credentialID": "V3EG_42S0ac:1601597834:300"
            }
          }
        ]
      },
      {
        "matcher": {
          "body": {
            "$['delivery']": "POLL",
            "$['serial']": "0502060"
          }
        },
        "response": {
          "httpStatus": 200,
          "body": {
            "resultName": "VALID_SIG_ACCEPTED",
            "resultCode": 201,
            "resultMessage": "Signature validated for accepted response",
            "credentialID": "@@body.$['credentialID']"
          }
        }
      },
      {
        "matcher": {
          "body": {
            "$['delivery']": "PUSH",
             "$['serial']": "0502085"
          }
        },
        "response": {
          "httpStatus": 412,
          "body": {
            "resultName": "INVALID_TOKEN_OP",
            "resultCode": 415,
            "resultMessage": "Token operation not supported: ERR_109: SMS Messaging error for port name 'PUSH*' and mobile number '0' (code=1): Unable to send message: Configuration prevents sendTextSMS to '0'.",
            "credentialID": "OBVC-bK8Jpo:1601535362:0"
          }
        }
      },
      {
        "matcher": {
          "body": {
            "$['delivery']": "QR",
             "$['serial']": "0502085"
          }
        },
      
        "responseLoop": [
          {
            "httpStatus": 504,
            "body": {
              "resultName": "TIMEDOUT",
              "resultCode": 416,
              "resultMessage": "The mobile token did not respond within the given time: Before first credential-fetch for 6100539_011_0502085",
              "credentialID": "@@body.$['credentialID']"
            }
          },
          {
            "httpStatus": 200,
            "body": {
              "resultName": "VALID_SIG_ACCEPTED",
              "resultCode": 201,
              "resultMessage": "Signature validated for accepted response",
              "credentialID": "@@body.$['credentialID']"
            }
          },
          {
            "httpStatus": 504,
            "body": {
              "resultName": "TIMEDOUT",
              "resultCode": 416,
              "resultMessage": "The mobile token did not respond within the given time: Before first credential-fetch for 6100539_011_0502085",
              "credentialID": "@@body.$['credentialID']"
            }
          },
          {
            "httpStatus": 200,
            "body": {
              "resultName": "VALID_SIG_DECLINED",
              "resultCode": 202,
              "resultMessage": "Signature validated for declined response",
              "credentialID": "@@body.$['credentialID']"
            }
          },
          {
            "httpStatus": 400,
            "body": {
              "resultName": "INVALID_REQUEST",
              "resultCode": 400,
              "resultMessage": "Invalid request format",
              "credentialID": "@@body.$['credentialID']"
            }
          },
          {
            "httpStatus": 404,
            "body": {
              "resultName": "NOT_FOUND",
              "resultCode": 404,
              "resultMessage": "Service resource not found",
              "credentialID": "@@body.$['credentialID']"
            }
          },
          {
            "httpStatus": 503,
            "body": {
              "resultName": "GATEWAY_ERR",
              "resultCode": 410,
              "resultMessage": "The FCI or push gateway was unavailable",
              "credentialID": "@@body.$['credentialID']"
            }
          },
          {
            "httpStatus": 412,
            "body": {
              "resultName": "INVALID_SIG_ACCEPTED",
              "resultCode": 411,
              "resultMessage": "Invalid signature for accepted response",
              "credentialID": "@@body.$['credentialID']"
            }
          },
          {
            "httpStatus": 412,
            "body": {
              "resultName": "INVALID_SIG_DECLINED",
              "resultCode": 412,
              "resultMessage": "Invalid signature for declined response",
              "credentialID": "@@body.$['credentialID']"
            }
          },
          {
            "httpStatus": 412,
            "body": {
              "resultName": "INVALID_TOKEN_ID",
              "resultCode": 414,
              "resultMessage": "Invalid token identifier",
              "credentialID": "@@body.$['credentialID']"
            }
          },
          {
            "httpStatus": 412,
            "body": {
              "resultName": "INVALID_TOKEN_OP",
              "resultCode": 415,
              "resultMessage": "Token operation not supported",
              "credentialID": "@@body.$['credentialID']"
            }
          },
          {
            "httpStatus": 412,
            "body": {
              "resultName": "INVALID_TOKEN_STATE",
              "resultCode": 419,
              "resultMessage": "Token not in activated state",
              "credentialID": "@@body.$['credentialID']"
            }
          },
          {
            "httpStatus": 412,
            "body": {
              "resultName": "INVALID_DELIVERY_ID",
              "resultCode": 420,
              "resultMessage": "Invalid delivery identifier",
              "credentialID": "@@body.$['credentialID']"
            }
          },
          {
            "httpStatus": 401,
            "body": {
              "resultName": "INVALID_CLIENT_AUTH",
              "resultCode": 421,
              "resultMessage": "Invalid client authentication",
              "credentialID": "@@body.$['credentialID']"
            }
          },
          {
            "httpStatus": 412,
            "body": {
              "resultName": "INVALID_CREDENTIAL_ID",
              "resultCode": 422,
              "resultMessage": "Invalid credential identifier",
              "credentialID": "@@body.$['credentialID']"
            }
          },
          {
            "httpStatus": 503,
            "body": {
              "resultName": "SERVER_BUSY",
              "resultCode": 417,
              "resultMessage": "The concurrent authenticate call threshold was reached",
              "credentialID": "@@body.$['credentialID']"
            }
          },
          {
            "httpStatus": 410,
            "body": {
              "resultName": "EXPIRED",
              "resultCode": 418,
              "resultMessage": "The target transaction has expired",
              "credentialID": "@@body.$['credentialID']"
            }
          },
          {
            "httpStatus": 410,
            "body": {
              "resultName": "VREXPIRED",
              "resultCode": 418,
              "resultMessage": "The target transaction has expired or already been verified",
              "credentialID": "@@body.$['credentialID']"
            }
          },
          {
            "httpStatus": 410,
            "body": {
              "resultName": "SUPERCEDED",
              "resultCode": 418,
              "resultMessage": "The target transaction has been superceded",
              "credentialID": "@@body.$['credentialID']"
            }
          },
          {
            "httpStatus": 500,
            "body": {
              "resultName": "SERVER_EXCEPTION",
              "resultCode": 500,
              "resultMessage": "Unexpected exception at the connector server",
              "credentialID": "@@body.$['credentialID']"
            }
          },
          {
            "httpStatus": 500,
            "body": {
              "resultName": "SERVER_ERR",
              "resultCode": 500,
              "resultMessage": "Unexpected error at the connector",
              "credentialID": "@@body.$['credentialID']"
            }
          }
        ]
      },
      {
        "matcher": {
          "body": {
            "$['delivery']": "PUSH"
          }
        },
        "response": {
          "httpStatus": 504,
          "body": {
            "resultName": "TIMEDOUT",
            "resultCode": 416,
            "resultMessage": "The mobile token did not respond within the given time: Before first credential-fetch for 6100539_011_0502015",
            "credentialID": "Cl1sliI8YnQ:1600995173:300"
          }
        }
      },
      {
        "matcher": {
          "body": {
            "$['delivery']": "POLL",
            "$['serial']": "0502016"
          }
        },
        "responseLoop": [
          {
            "httpStatus": 504,
            "body": {
              "resultName": "TIMEDOUT",
              "resultCode": 416,
              "resultMessage": "The mobile token did not respond within the given time: Before first credential-fetch for 6100539_011_0502015",
              "credentialID": "@@body.$['credentialID']"
            }
          },
          {
            "httpStatus": 200,
            "body": {
              "resultName": "VALID_SIG_ACCEPTED",
              "resultCode": 201,
              "resultMessage": "Signature validated for accepted response",
              "credentialID": "@@body.$['credentialID']"
            }
          },
          {
            "httpStatus": 504,
            "body": {
              "resultName": "TIMEDOUT",
              "resultCode": 416,
              "resultMessage": "The mobile token did not respond within the given time: Before first credential-fetch for 6100539_011_0502015",
              "credentialID": "@@body.$['credentialID']"
            }
          },
          {
            "httpStatus": 200,
            "body": {
              "resultName": "VALID_SIG_DECLINED",
              "resultCode": 202,
              "resultMessage": "Signature validated for declined response",
              "credentialID": "@@body.$['credentialID']"
            }
          },
          {
            "httpStatus": 400,
            "body": {
              "resultName": "INVALID_REQUEST",
              "resultCode": 400,
              "resultMessage": "Invalid request format",
              "credentialID": "@@body.$['credentialID']"
            }
          },
          {
            "httpStatus": 404,
            "body": {
              "resultName": "NOT_FOUND",
              "resultCode": 404,
              "resultMessage": "Service resource not found",
              "credentialID": "@@body.$['credentialID']"
            }
          },
          {
            "httpStatus": 503,
            "body": {
              "resultName": "GATEWAY_ERR",
              "resultCode": 410,
              "resultMessage": "The FCI or push gateway was unavailable",
              "credentialID": "@@body.$['credentialID']"
            }
          },
          {
            "httpStatus": 412,
            "body": {
              "resultName": "INVALID_SIG_ACCEPTED",
              "resultCode": 411,
              "resultMessage": "Invalid signature for accepted response",
              "credentialID": "@@body.$['credentialID']"
            }
          },
          {
            "httpStatus": 412,
            "body": {
              "resultName": "INVALID_SIG_DECLINED",
              "resultCode": 412,
              "resultMessage": "Invalid signature for declined response",
              "credentialID": "@@body.$['credentialID']"
            }
          },
          {
            "httpStatus": 412,
            "body": {
              "resultName": "INVALID_TOKEN_ID",
              "resultCode": 414,
              "resultMessage": "Invalid token identifier",
              "credentialID": "@@body.$['credentialID']"
            }
          },
          {
            "httpStatus": 412,
            "body": {
              "resultName": "INVALID_TOKEN_OP",
              "resultCode": 415,
              "resultMessage": "Token operation not supported",
              "credentialID": "@@body.$['credentialID']"
            }
          },
          {
            "httpStatus": 412,
            "body": {
              "resultName": "INVALID_TOKEN_STATE",
              "resultCode": 419,
              "resultMessage": "Token not in activated state",
              "credentialID": "@@body.$['credentialID']"
            }
          },
          {
            "httpStatus": 412,
            "body": {
              "resultName": "INVALID_DELIVERY_ID",
              "resultCode": 420,
              "resultMessage": "Invalid delivery identifier",
              "credentialID": "@@body.$['credentialID']"
            }
          },
          {
            "httpStatus": 401,
            "body": {
              "resultName": "INVALID_CLIENT_AUTH",
              "resultCode": 421,
              "resultMessage": "Invalid client authentication",
              "credentialID": "@@body.$['credentialID']"
            }
          },
          {
            "httpStatus": 412,
            "body": {
              "resultName": "INVALID_CREDENTIAL_ID",
              "resultCode": 422,
              "resultMessage": "Invalid credential identifier",
              "credentialID": "@@body.$['credentialID']"
            }
          },
          {
            "httpStatus": 503,
            "body": {
              "resultName": "SERVER_BUSY",
              "resultCode": 417,
              "resultMessage": "The concurrent authenticate call threshold was reached",
              "credentialID": "@@body.$['credentialID']"
            }
          },
          {
            "httpStatus": 410,
            "body": {
              "resultName": "EXPIRED",
              "resultCode": 418,
              "resultMessage": "The target transaction has expired",
              "credentialID": "@@body.$['credentialID']"
            }
          },
          {
            "httpStatus": 410,
            "body": {
              "resultName": "VREXPIRED",
              "resultCode": 418,
              "resultMessage": "The target transaction has expired or already been verified",
              "credentialID": "@@body.$['credentialID']"
            }
          },
          {
            "httpStatus": 410,
            "body": {
              "resultName": "SUPERCEDED",
              "resultCode": 418,
              "resultMessage": "The target transaction has been superceded",
              "credentialID": "@@body.$['credentialID']"
            }
          },
          {
            "httpStatus": 500,
            "body": {
              "resultName": "SERVER_EXCEPTION",
              "resultCode": 500,
              "resultMessage": "Unexpected exception at the connector server",
              "credentialID": "@@body.$['credentialID']"
            }
          },
          {
            "httpStatus": 500,
            "body": {
              "resultName": "SERVER_ERR",
              "resultCode": 500,
              "resultMessage": "Unexpected error at the connector",
              "credentialID": "@@body.$['credentialID']"
            }
          }
        ]
      },
      {
        "matcher": {
          "body": {
            "$['delivery']": "PUSH"
          }
        },
        "response": {
          "httpStatus": 504,
          "body": {
            "resultName": "TIMEDOUT",
            "resultCode": 416,
            "resultMessage": "The mobile token did not respond within the given time: Before first credential-fetch for 6100539_011_0502015",
            "credentialID": "Cl1sliI8YnQ:1600995173:300"
          }
        }
      },
      {
        "matcher": {
          "body": {
            "$['delivery']": "POLL",
            "$['serial']": "0502005"
          }
        },
        "responseLoop": [
          {
            "httpStatus": 504,
            "body": {
              "resultName": "TIMEDOUT",
              "resultCode": 416,
              "resultMessage": "The mobile token did not respond within the given time: Before first credential-fetch for 6100539_011_0502015",
              "credentialID": "@@body.$['credentialID']"
            }
          },
          {
            "httpStatus": 200,
            "body": {
              "resultName": "VALID_SIG_ACCEPTED",
              "resultCode": 201,
              "resultMessage": "Signature validated for accepted response",
              "credentialID": "@@body.$['credentialID']"
            }
          },
          {
            "httpStatus": 504,
            "body": {
              "resultName": "TIMEDOUT",
              "resultCode": 416,
              "resultMessage": "The mobile token did not respond within the given time: Before first credential-fetch for 6100539_011_0502015",
              "credentialID": "@@body.$['credentialID']"
            }
          },
          {
            "httpStatus": 200,
            "body": {
              "resultName": "VALID_SIG_DECLINED",
              "resultCode": 202,
              "resultMessage": "Signature validated for declined response",
              "credentialID": "@@body.$['credentialID']"
            }
          },
          {
            "httpStatus": 400,
            "body": {
              "resultName": "INVALID_REQUEST",
              "resultCode": 400,
              "resultMessage": "Invalid request format",
              "credentialID": "@@body.$['credentialID']"
            }
          },
          {
            "httpStatus": 404,
            "body": {
              "resultName": "NOT_FOUND",
              "resultCode": 404,
              "resultMessage": "Service resource not found",
              "credentialID": "@@body.$['credentialID']"
            }
          },
          {
            "httpStatus": 503,
            "body": {
              "resultName": "GATEWAY_ERR",
              "resultCode": 410,
              "resultMessage": "The FCI or push gateway was unavailable",
              "credentialID": "@@body.$['credentialID']"
            }
          },
          {
            "httpStatus": 412,
            "body": {
              "resultName": "INVALID_SIG_ACCEPTED",
              "resultCode": 411,
              "resultMessage": "Invalid signature for accepted response",
              "credentialID": "@@body.$['credentialID']"
            }
          },
          {
            "httpStatus": 412,
            "body": {
              "resultName": "INVALID_SIG_DECLINED",
              "resultCode": 412,
              "resultMessage": "Invalid signature for declined response",
              "credentialID": "@@body.$['credentialID']"
            }
          },
          {
            "httpStatus": 412,
            "body": {
              "resultName": "INVALID_TOKEN_ID",
              "resultCode": 414,
              "resultMessage": "Invalid token identifier",
              "credentialID": "@@body.$['credentialID']"
            }
          },
          {
            "httpStatus": 412,
            "body": {
              "resultName": "INVALID_TOKEN_OP",
              "resultCode": 415,
              "resultMessage": "Token operation not supported",
              "credentialID": "@@body.$['credentialID']"
            }
          },
          {
            "httpStatus": 412,
            "body": {
              "resultName": "INVALID_TOKEN_STATE",
              "resultCode": 419,
              "resultMessage": "Token not in activated state",
              "credentialID": "@@body.$['credentialID']"
            }
          },
          {
            "httpStatus": 412,
            "body": {
              "resultName": "INVALID_DELIVERY_ID",
              "resultCode": 420,
              "resultMessage": "Invalid delivery identifier",
              "credentialID": "@@body.$['credentialID']"
            }
          },
          {
            "httpStatus": 401,
            "body": {
              "resultName": "INVALID_CLIENT_AUTH",
              "resultCode": 421,
              "resultMessage": "Invalid client authentication",
              "credentialID": "@@body.$['credentialID']"
            }
          },
          {
            "httpStatus": 412,
            "body": {
              "resultName": "INVALID_CREDENTIAL_ID",
              "resultCode": 422,
              "resultMessage": "Invalid credential identifier",
              "credentialID": "@@body.$['credentialID']"
            }
          },
          {
            "httpStatus": 503,
            "body": {
              "resultName": "SERVER_BUSY",
              "resultCode": 417,
              "resultMessage": "The concurrent authenticate call threshold was reached",
              "credentialID": "@@body.$['credentialID']"
            }
          },
          {
            "httpStatus": 410,
            "body": {
              "resultName": "EXPIRED",
              "resultCode": 418,
              "resultMessage": "The target transaction has expired",
              "credentialID": "@@body.$['credentialID']"
            }
          },
          {
            "httpStatus": 410,
            "body": {
              "resultName": "VREXPIRED",
              "resultCode": 418,
              "resultMessage": "The target transaction has expired or already been verified",
              "credentialID": "@@body.$['credentialID']"
            }
          },
          {
            "httpStatus": 410,
            "body": {
              "resultName": "SUPERCEDED",
              "resultCode": 418,
              "resultMessage": "The target transaction has been superceded",
              "credentialID": "@@body.$['credentialID']"
            }
          },
          {
            "httpStatus": 500,
            "body": {
              "resultName": "SERVER_EXCEPTION",
              "resultCode": 500,
              "resultMessage": "Unexpected exception at the connector server",
              "credentialID": "@@body.$['credentialID']"
            }
          },
          {
            "httpStatus": 500,
            "body": {
              "resultName": "SERVER_ERR",
              "resultCode": 500,
              "resultMessage": "Unexpected error at the connector",
              "credentialID": "@@body.$['credentialID']"
            }
          }
        ]
      },
      {
        "matcher": {
          "body": {
            "$['delivery']": "POLL",
            "$['serial']": "0502015"
          }
        },
        "responseLoop": [
          {
            "httpStatus": 504,
            "body": {
              "resultName": "TIMEDOUT",
              "resultCode": 416,
              "resultMessage": "The mobile token did not respond within the given time: Before first credential-fetch for 6100539_011_0502015",
              "credentialID": "@@body.$['credentialID']"
            }
          },
          {
            "httpStatus": 200,
            "body": {
              "resultName": "VALID_SIG_ACCEPTED",
              "resultCode": 201,
              "resultMessage": "Signature validated for accepted response",
              "credentialID": "@@body.$['credentialID']"
            }
          },
          {
            "httpStatus": 504,
            "body": {
              "resultName": "TIMEDOUT",
              "resultCode": 416,
              "resultMessage": "The mobile token did not respond within the given time: Before first credential-fetch for 6100539_011_0502015",
              "credentialID": "@@body.$['credentialID']"
            }
          },
          {
            "httpStatus": 200,
            "body": {
              "resultName": "VALID_SIG_DECLINED",
              "resultCode": 202,
              "resultMessage": "Signature validated for declined response",
              "credentialID": "@@body.$['credentialID']"
            }
          },
          {
            "httpStatus": 400,
            "body": {
              "resultName": "INVALID_REQUEST",
              "resultCode": 400,
              "resultMessage": "Invalid request format",
              "credentialID": "@@body.$['credentialID']"
            }
          },
          {
            "httpStatus": 404,
            "body": {
              "resultName": "NOT_FOUND",
              "resultCode": 404,
              "resultMessage": "Service resource not found",
              "credentialID": "@@body.$['credentialID']"
            }
          },
          {
            "httpStatus": 503,
            "body": {
              "resultName": "GATEWAY_ERR",
              "resultCode": 410,
              "resultMessage": "The FCI or push gateway was unavailable",
              "credentialID": "@@body.$['credentialID']"
            }
          },
          {
            "httpStatus": 412,
            "body": {
              "resultName": "INVALID_SIG_ACCEPTED",
              "resultCode": 411,
              "resultMessage": "Invalid signature for accepted response",
              "credentialID": "@@body.$['credentialID']"
            }
          },
          {
            "httpStatus": 412,
            "body": {
              "resultName": "INVALID_SIG_DECLINED",
              "resultCode": 412,
              "resultMessage": "Invalid signature for declined response",
              "credentialID": "@@body.$['credentialID']"
            }
          },
          {
            "httpStatus": 412,
            "body": {
              "resultName": "INVALID_TOKEN_ID",
              "resultCode": 414,
              "resultMessage": "Invalid token identifier",
              "credentialID": "@@body.$['credentialID']"
            }
          },
          {
            "httpStatus": 412,
            "body": {
              "resultName": "INVALID_TOKEN_OP",
              "resultCode": 415,
              "resultMessage": "Token operation not supported",
              "credentialID": "@@body.$['credentialID']"
            }
          },
          {
            "httpStatus": 412,
            "body": {
              "resultName": "INVALID_TOKEN_STATE",
              "resultCode": 419,
              "resultMessage": "Token not in activated state",
              "credentialID": "@@body.$['credentialID']"
            }
          },
          {
            "httpStatus": 412,
            "body": {
              "resultName": "INVALID_DELIVERY_ID",
              "resultCode": 420,
              "resultMessage": "Invalid delivery identifier",
              "credentialID": "@@body.$['credentialID']"
            }
          },
          {
            "httpStatus": 401,
            "body": {
              "resultName": "INVALID_CLIENT_AUTH",
              "resultCode": 421,
              "resultMessage": "Invalid client authentication",
              "credentialID": "@@body.$['credentialID']"
            }
          },
          {
            "httpStatus": 412,
            "body": {
              "resultName": "INVALID_CREDENTIAL_ID",
              "resultCode": 422,
              "resultMessage": "Invalid credential identifier",
              "credentialID": "@@body.$['credentialID']"
            }
          },
          {
            "httpStatus": 503,
            "body": {
              "resultName": "SERVER_BUSY",
              "resultCode": 417,
              "resultMessage": "The concurrent authenticate call threshold was reached",
              "credentialID": "@@body.$['credentialID']"
            }
          },
          {
            "httpStatus": 410,
            "body": {
              "resultName": "EXPIRED",
              "resultCode": 418,
              "resultMessage": "The target transaction has expired",
              "credentialID": "@@body.$['credentialID']"
            }
          },
          {
            "httpStatus": 410,
            "body": {
              "resultName": "VREXPIRED",
              "resultCode": 418,
              "resultMessage": "The target transaction has expired or already been verified",
              "credentialID": "@@body.$['credentialID']"
            }
          },
          {
            "httpStatus": 410,
            "body": {
              "resultName": "SUPERCEDED",
              "resultCode": 418,
              "resultMessage": "The target transaction has been superceded",
              "credentialID": "@@body.$['credentialID']"
            }
          },
          {
            "httpStatus": 500,
            "body": {
              "resultName": "SERVER_EXCEPTION",
              "resultCode": 500,
              "resultMessage": "Unexpected exception at the connector server",
              "credentialID": "@@body.$['credentialID']"
            }
          },
          {
            "httpStatus": 500,
            "body": {
              "resultName": "SERVER_ERR",
              "resultCode": 500,
              "resultMessage": "Unexpected error at the connector",
              "credentialID": "@@body.$['credentialID']"
            }
          }
        ]
      },
      {
        "matcher": {
          "body": {
            "$['delivery']": "POLL"
          }
        },
        "response": {
          "httpStatus": 200,
          "body": {
            "resultName": "VALID_SIG_ACCEPTED",
            "resultCode": 201,
            "resultMessage": "Signature validated for accepted response",
            "credentialID": "@@body.$['credentialID']"
          }
        }
      }
    ]
  }
]
