[
  {
    "apiDetails": {
      "URL": "/caas/VerifySignature/v1",
      "METHOD": "POST"
    },
    "mockData": [
      {
        "matcher": {
          "body": { "$['signature']": "1234567"}
        },
        "response": {
          "httpStatus": 200,
          "body": {
            "transactionId": "@@body.$['transactionId']",
            "challenge": "",
            "errors": [],
            "status": "SUCCESS"
          }
        }
      },
      {
        "matcher": {
          "body": { "$['signature']": "7000001"}
        },
        "response": {
          "httpStatus": 200,
          "body": {
            "transactionId": "@@body.$['transactionId']",
            "challenge": "",
            "errors": [
              {
                "additionalInfo": "Vacman Controller error, method AAL2ProcVerifySignatureReply() Vacman Controller error code -202 – Response Too Small",
                "description": "Other",
                "name": "OTHER"
              }
            ],
            "status": "ERROR"
          }
        }
      },
      {
        "matcher": {
          "body": { "$['signature']": "7000002"}
        },
        "response": {
          "httpStatus": 200,
          "body": {
            "transactionId": "@@body.$['transactionId']",
            "challenge": "",
            "errors": [
              {
                "additionalInfo": "Vacman Controller error, method AAL2ProcVerifySignatureReply() Vacman Controller error code -203 – Response Too Long",
                "description": "Other",
                "name": "OTHER"
              }
            ],
            "status": "ERROR"
          }
        }
      },
      {
        "matcher": {
          "body": { "$['signature']": "7000003"}
        },
        "response": {
          "httpStatus": 200,
          "body": {
            "transactionId": "@@body.$['transactionId']",
            "challenge": "",
            "errors": [
              {
                "additionalInfo": "Vacman Controller error, method AAL2ProcVerifySignatureReply() Vacman Controller error code -205 – Response Not Decimal",
                "description": "Other",
                "name": "OTHER"
              }
            ],
            "status": "ERROR"
          }
        }
      },
      {
        "matcher": {
          "body": { "$['signature']": "7000004"}
        },
        "response": {
          "httpStatus": 200,
          "body": {
            "transactionId": "@@body.$['transactionId']",
            "challenge": "",
            "errors": [
              {
                "additionalInfo": "Vacman Controller error, method AAL2ProcVerifySignatureReply() Vacman Controller error code 1 - Validation Failed",
                "description": "Other",
                "name": "OTHER"
              }
            ],
            "status": "ERROR"
          }
        }
      },
      {
        "matcher": {
          "body": { "$['signature']": "7000005"}
        },
        "response": {
          "httpStatus": 200,
          "body": {
            "transactionId": "@@body.$['transactionId']",
            "challenge": "",
            "errors": [
              {
                "additionalInfo": "Vacman Controller error, method AAL2ProcVerifySignatureReply() Vacman Controller error code 203 - Signature Error Threshold Reached",
                "description": "Other",
                "name": "OTHER"
              }
            ],
            "status": "ERROR"
          }
        }
      },
      {
        "matcher": {
          "body": { "$['signature']": "7000006"}
        },
        "response": {
          "httpStatus": 200,
          "body": {
            "transactionId": "@@body.$['transactionId']",
            "challenge": "",
            "errors": [
              {
                "additionalInfo": "Operation Failed: Token 1804150120 SIGONLH is disabled",
                "description": "Other",
                "name": "OTHER"
              }
            ],
            "status": "ERROR"
          }
        }
      },
      {
        "matcher": {
          "body": { "$['signature']": "7000007"}
        },
        "response": {
          "httpStatus": 200,
          "body": {
            "transactionId": "@@body.$['transactionId']",
            "challenge": "",
            "errors": [
              {
                "additionalInfo": "Operation Failed: Token 1212112112 does not exist in the configured database",
                "description": "Other",
                "name": "OTHER"
              }
            ],
            "status": "ERROR"
          }
        }
      },
      {
        "matcher": {
          "body": { "$['signature']": "7000008"}
        },
        "response": {
          "httpStatus": 200,
          "body": {
            "transactionId": "@@body.$['transactionId']",
            "challenge": "",
            "errors": [
              {
                "additionalInfo": "Requested signature, token does not support this application",
                "description": "Other",
                "name": "OTHER"
              }
            ],
            "status": "ERROR"
          }
        }
      },
      {
        "matcher": {
          "body": { "$['signature']": "7000009"}
        },
        "response": {
          "httpStatus": 200,
          "body": {
            "transactionId": "@@body.$['transactionId']",
            "challenge": "",
            "errors": [
              {
                "additionalInfo": "Vacman Controller error, method AAL2ProcVerifySignatureReply() Vacman Controller error code -204 - Duplicate Signature Found",
                "description": "Other",
                "name": "OTHER"
              }
            ],
            "status": "ERROR"
          }
        }
      },
      {
        "matcher": {
          "body": { "$['signature']": "7000010"}
        },
        "response": {
          "httpStatus": 200,
          "body": {
            "transactionId": "@@body.$['transactionId']",
            "challenge": "",
            "errors": [
              {
                "additionalInfo": "Vacman Controller error, method AAL2ProcVerifySignatureReply() Vacman Controller error code 141 – Invalid FieldCount",
                "description": "Other",
                "name": "OTHER"
              }
            ],
            "status": "ERROR"
          }
        }
      },
      {
        "matcher": {
          "body": { "$['signature']": "7000011"}
        },
        "response": {
          "httpStatus": 200,
          "body": {
            "transactionId": "@@body.$['transactionId']",
            "challenge": "",
            "errors": [
              {
                "additionalInfo": "Vacman Controller error, method AAL2ProcVerifySignatureReply() Vacman Controller error code 206 - Chronological Signature Error",
                "description": "Other",
                "name": "OTHER"
              }
            ],
            "status": "ERROR"
          }
        }
      },
      {
        "matcher": {
          "body": { "$['signature']": "7000012"}
        },
        "response": {
          "httpStatus": 200,
          "body": {
            "transactionId": "@@body.$['transactionId']",
            "challenge": "",
            "errors": [
              {
                "additionalInfo": "Catch All",
                "description": "Other",
                "name": "OTHER"
              }
            ],
            "status": "ERROR"
          }
        }
      },
      {
        "matcher": {
          "body": { "$['signature']": "7000013"}
        },
        "response": {
          "httpStatus": 400,
          "body": {
            "httpCode": "400",
            "httpMessage": "Bad Request"
          }
        }
      },
      {
        "matcher": {
          "body": { "$['signature']": "7000014"}
        },
        "response": {
          "httpStatus": 401,
          "body": {
            "httpCode": "401",
            "httpMessage": "Unauthorized"
          }
        }
      },
      {
        "matcher": {
          "body": { "$['signature']": "7000015"}
        },
        "response": {
          "httpStatus": 404,
          "body": {
            "httpCode": "404",
            "httpMessage": "Not Found"
          }
        }
      },
      {
        "matcher": {
          "body": { "$['signature']": "7000016"}
        },
        "response": {
          "httpStatus": 500,
          "body": {
            "httpCode": "500",
            "httpMessage": "Internal Server Error"
          }
        }
      },
      {
        "matcher": {
          "body": { "$['signature']": "7000017"}
        },
        "response": {
          "httpStatus": 504,
          "body": {
            "httpCode": "504",
            "httpMessage": "Gateway Timeout"
          }
        }
      },
      {
        "matcher": {
          "body": { "$['signature']": "7000018"}
        },
        "response": {
          "httpStatus": 503,
          "body": {
            "httpCode": "503",
            "httpMessage": "Service Unavailable"
          }
        }
      },
      {
        "matcher": {},
        "response": {
          "httpStatus": 200,
          "body": {
            "transactionId": "@@body.$['transactionId']",
            "challenge": "",
            "errors": [],
            "status": "SUCCESS"
          }
        }
      }
    ]
  }
]
