[
  {
    "apiDetails": {
      "URL": "/loaniq/auth/login",
      "METHOD": "POST"
    },
    "mockData": [
      {
        "matcher": {},
        "response":{
          "httpStatus": 200,
          "body": {
            "token": "eyJhbGciOiJIUzUxMiJ9.eyJzdWIiOiJMSVFBU1YwMSIsInBhc3N3b3JkIjoiJDJhJDEwJG0xa2tKMFJLWW5FclIwMHMudXk3cC5zSDdtMjZzNkdMbVEzMlV5b2VuMlVVQ1ZORnNvMmJxIiwicm9sZSI6InJvbGUiLCJpYXQiOjE1OTYxMjE3NzUsImV4cCI6MTU5NjE3OTM3NX0.XWPvfK-S-jhSw-a4Gz3phgCNipax9wo9wz58tU8l_uOcaa0yAOZDLNnAzJFUH7mfz7VOaI8v_Go3TLmKlRO9cw",
            "success": "true"
          }
        }
      }
    ]
  }
]
