[
  {
    "apiDetails": {
      "URL": "/preferences/omnichannel/channel-preferences",
      "METHOD": "GET"
    },
    "mockData": [
      {
        "matcher": {},
        "response":{
          "httpStatus": 200,
          "body": {
              "data": "{\"timezone\":\"Australia/Melbourne\",\"timeFormat\":\"HH:mm:ss\",\"referenceCcy\":\"AUD\",\"dateFormat\":\"MMM dd, yyyy\",\"decimalSeparator\":\".\",\"thousandsSeparator\":\",\",\"reportCode\":\"\",\"fileEncoding\":\"UTF-8\",\"defaultDivision\":\"31052019-1\",\"previewMode\":\"N\",\"landingPage\":\"\"}",
              "id": "channel-preferences"
          }
        }
      }
    ]
  }
]
