[
  {
    "apiDetails": {
      "URL": "/dcs/data/D_CasesListService",
      "METHOD": "GET"
    },
    "mockData": [
      {
        "matcher": {
        },
        "response": {
          "httpStatus": 200,
          "body": {
            "pxObjClass": "Code-Pega-List",
            "pxResultCount": "26",
            "pyObjClass": "ANZ-DCS-Work-ServiceRequest",
            "pyObjClassOriginal": "",
            "pzPageNameHash": "_pa33659097539828300pz",
            "pxErrorList": [],
            "pxResults": [
              {
                "ActionType": "CERS Request",
                "BusinessArea": "Payments & Cash",
                "CustomerReferenceID": "testref",
                "OperationCategory": "Service",
                "pxCreateDateTime": "2020-05-10T18:40:24.714Z",
                "pxObjClass": "ANZ-DCS-Work-ServiceRequest",
                "pxUpdateDateTime": "2020-05-17T22:00:23.939Z",
                "pxUpdateOperator": "System",
                "pyCustomer": "DSSUSR10",
                "pyCustomerEnterprise": "NSW Gov",
                "pyCustomerName": "DSS1ONLY TEST USERID",
                "pyCustomerOrg": "Dept of energy NSW2",
                "pyID": "TGCTTR-000106243",
                "pySLADeadline": "2020-05-24T22:00:00.000Z",
                "pySLAGoal": "2020-05-17T22:00:00.000Z",
                "pyStatusWork": "",
                "pzInsKey": "ANZ-DCS-WORK TGCTTR-000106243",
                "ReceivedDateTime": "2020-05-10T18:40:03.504Z",
                "RequestCategory": "DCS CERS CONFIG",
                "RequestType": "Requesting a Trace Domestic",
                "ServiceRequestExternalName": "Trace a Transaction"
              },
              {
                "ActionType": "CERS Request",
                "BusinessArea": "Payments & Cash",
                "CustomerReferenceID": "testref",
                "OperationCategory": "Service",
                "pxCreateDateTime": "2020-05-06T07:40:22.097Z",
                "pxObjClass": "ANZ-DCS-Work-ServiceRequest",
                "pxUpdateDateTime": "2020-05-13T07:40:46.696Z",
                "pxUpdateOperator": "System",
                "pyCustomer": "DSSUSR10",
                "pyCustomerEnterprise": "NSW Gov",
                "pyCustomerName": "DSS1ONLY TEST USERID",
                "pyCustomerOrg": "Dept of energy NSW2",
                "pyID": "TGCTTR-000105978",
                "pySLADeadline": "2020-05-20T07:40:20.948Z",
                "pySLAGoal": "2020-05-13T07:40:20.948Z",
                "pyStatusWork": "Pending-MoreInfo",
                "pzInsKey": "ANZ-DCS-WORK TGCTTR-000105978",
                "ReceivedDateTime": "2020-05-06T07:40:20.948Z",
                "RequestCategory": "DCS CERS CONFIG",
                "RequestType": "Requesting a Trace Domestic",
                "ServiceRequestExternalName": "Trace a Transaction"
              },
              {
                "ActionType": "CERS Request",
                "BusinessArea": "Payments & Cash",
                "CustomerReferenceID": "testref",
                "OperationCategory": "Service",
                "pxCreateDateTime": "2020-05-06T06:40:04.793Z",
                "pxObjClass": "ANZ-DCS-Work-ServiceRequest",
                "pxUpdateDateTime": "2020-05-13T06:40:12.846Z",
                "pxUpdateOperator": "System",
                "pyCustomer": "DSSUSR10",
                "pyCustomerEnterprise": "NSW Gov",
                "pyCustomerName": "DSS1ONLY TEST USERID",
                "pyCustomerOrg": "Dept of energy NSW2",
                "pyID": "TGCTTR-000105975",
                "pySLADeadline": "2020-05-20T06:40:04.130Z",
                "pySLAGoal": "2020-05-13T06:40:04.130Z",
                "pzInsKey": "ANZ-DCS-WORK TGCTTR-000105975",
                "ReceivedDateTime": "2020-05-06T06:40:04.130Z",
                "RequestCategory": "DCS CERS CONFIG",
                "RequestType": "Requesting a Trace Domestic",
                "ServiceRequestExternalName": "Trace a Transaction"
              },
              {
                "ActionType": "CERS Request",
                "BusinessArea": "Payments & Cash",
                "CustomerReferenceID": "testref",
                "OperationCategory": "Service",
                "pxCreateDateTime": "2020-05-06T05:40:05.284Z",
                "pxObjClass": "ANZ-DCS-Work-ServiceRequest",
                "pxUpdateDateTime": "2020-05-13T05:40:13.435Z",
                "pxUpdateOperator": "System",
                "pyCustomer": "DSSUSR10",
                "pyCustomerEnterprise": "NSW Gov",
                "pyCustomerName": "DSS1ONLY TEST USERID",
                "pyCustomerOrg": "Dept of energy NSW2",
                "pyID": "TGCTTR-000105972",
                "pySLADeadline": "",
                "pySLAGoal": "2020-05-13T05:40:04.535Z",
                "pyStatusWork": "Pending-MoreInfo",
                "pzInsKey": "ANZ-DCS-WORK TGCTTR-000105972",
                "ReceivedDateTime": "2020-05-06T05:40:04.535Z",
                "RequestCategory": "DCS CERS CONFIG",
                "RequestType": "Requesting a Trace Domestic",
                "ServiceRequestExternalName": "Trace a Transaction"
              },
              {
                "ActionType": "CERS Request",
                "BusinessArea": "Payments & Cash",
                "CustomerReferenceID": "testref",
                "OperationCategory": "Service",
                "pxCreateDateTime": "2020-05-06T01:40:04.938Z",
                "pxObjClass": "ANZ-DCS-Work-ServiceRequest",
                "pxUpdateDateTime": "2020-05-13T01:40:06.897Z",
                "pxUpdateOperator": "System",
                "pyCustomer": "DSSUSR10",
                "pyCustomerEnterprise": "NSW Gov",
                "pyCustomerName": "DSS1ONLY TEST USERID",
                "pyCustomerOrg": "Dept of energy NSW2",
                "pyID": "TGCTTR-000105991",
                "pySLADeadline": "2020-05-20T01:40:04.303Z",
                "pySLAGoal": "2020-05-13T01:40:04.303Z",
                "pyStatusWork": "Pending-MoreInfo",
                "pzInsKey": "ANZ-DCS-WORK TGCTTR-000105991",
                "ReceivedDateTime": "2020-05-06T01:40:04.303Z",
                "RequestCategory": "DCS CERS CONFIG",
                "RequestType": "Requesting a Trace Domestic",
                "ServiceRequestExternalName": "Trace a Transaction"
              },
              {
                "ActionType": "CERS Request",
                "BusinessArea": "Payments & Cash",
                "CustomerReferenceID": "testref",
                "OperationCategory": "Service",
                "pxCreateDateTime": "2020-05-06T00:40:12.273Z",
                "pxObjClass": "ANZ-DCS-Work-ServiceRequest",
                "pxUpdateDateTime": "2020-05-13T00:40:32.625Z",
                "pxUpdateOperator": "System",
                "pyCustomer": "DSSUSR10",
                "pyCustomerEnterprise": "NSW Gov",
                "pyCustomerName": "DSS1ONLY TEST USERID",
                "pyCustomerOrg": "Dept of energy NSW2",
                "pyID": "TGCTTR-000105944",
                "pySLAGoal": "2020-05-13T00:40:11.409Z",
                "pyStatusWork": "Pending-MoreInfo",
                "pzInsKey": "ANZ-DCS-WORK TGCTTR-000105944",
                "ReceivedDateTime": "2020-05-06T00:40:11.409Z",
                "RequestCategory": "DCS CERS CONFIG",
                "RequestType": "Requesting a Trace Domestic",
                "ServiceRequestExternalName": "Trace a Transaction"
              },
              {
                "ActionType": "CERS Request",
                "BusinessArea": "Payments & Cash",
                "CustomerReferenceID": "testref",
                "OperationCategory": "Service",
                "pxCreateDateTime": "2020-05-12T04:40:05.902Z",
                "pxObjClass": "ANZ-DCS-Work-ServiceRequest",
                "pxUpdateDateTime": "2020-05-12T12:47:54.563Z",
                "pxUpdateOperator": "Kumara1",
                "pyCustomer": "DSSUSR10",
                "pyCustomerEnterprise": "NSW Gov",
                "pyCustomerName": "DSS1ONLY TEST USERID",
                "pyCustomerOrg": "Dept of energy NSW2",
                "pyID": "TGCTTR-000106324",
                "pyResolvedTimestamp": "",
                "pyStatusWork": "Resolved-Completed",
                "pzInsKey": "ANZ-DCS-WORK TGCTTR-000106324",
                "ReceivedDateTime": "2020-05-12T04:40:04.959Z",
                "RequestCategory": "DCS CERS CONFIG",
                "RequestType": "Requesting a Trace Domestic",
                "ServiceRequestExternalName": "Trace a Transaction"
              },
              {
                "ActionType": "CERS Request",
                "BusinessArea": "Payments & Cash",
                "CustomerReferenceID": "testref",
                "OperationCategory": "Service",
                "pxCreateDateTime": "2020-05-12T05:40:04.649Z",
                "pxObjClass": "ANZ-DCS-Work-ServiceRequest",
                "pxUpdateDateTime": "2020-05-12T12:45:27.216Z",
                "pxUpdateOperator": "Kumara1",
                "pyCustomer": "DSSUSR10",
                "pyCustomerEnterprise": "NSW Gov",
                "pyCustomerName": "DSS1ONLY TEST USERID",
                "pyCustomerOrg": "Dept of energy NSW2",
                "pyID": "TGCTTR-000106311",
                "pyResolvedTimestamp": "2020-05-12T12:45:27.189Z",
                "pyStatusWork": "Resolved-Completed",
                "pzInsKey": "ANZ-DCS-WORK TGCTTR-000106311",
                "ReceivedDateTime": "2020-05-12T05:40:03.583Z",
                "RequestCategory": "DCS CERS CONFIG",
                "RequestType": "Requesting a Trace Domestic",
                "ServiceRequestExternalName": "Trace a Transaction"
              },
              {
                "ActionType": "CERS Request",
                "BusinessArea": "Payments & Cash",
                "CustomerReferenceID": "testref",
                "OperationCategory": "Service",
                "pxCreateDateTime": "2020-05-12T06:40:04.700Z",
                "pxObjClass": "ANZ-DCS-Work-ServiceRequest",
                "pxUpdateDateTime": "2020-05-12T12:43:02.846Z",
                "pxUpdateOperator": "Kumara1",
                "pyCustomer": "DSSUSR10",
                "pyCustomerEnterprise": "NSW Gov",
                "pyCustomerName": "DSS1ONLY TEST USERID",
                "pyCustomerOrg": "Dept of energy NSW2",
                "pyID": "TGCTTR-000106325",
                "pyResolvedTimestamp": "2020-05-12T12:43:02.796Z",
                "pyStatusWork": "Resolved-Withdrawn",
                "pzInsKey": "ANZ-DCS-WORK TGCTTR-000106325",
                "ReceivedDateTime": "2020-05-12T06:40:03.769Z",
                "RequestCategory": "DCS CERS CONFIG",
                "RequestType": "Requesting a Trace Domestic",
                "ServiceRequestExternalName": "Trace a Transaction"
              },
              {
                "ActionType": "CERS Request",
                "BusinessArea": "Payments & Cash",
                "CustomerReferenceID": "testref",
                "OperationCategory": "Service",
                "pxCreateDateTime": "2020-05-11T15:40:23.757Z",
                "pxObjClass": "ANZ-DCS-Work-ServiceRequest",
                "pxUpdateDateTime": "2020-05-12T12:40:02.504Z",
                "pxUpdateOperator": "Kumara1",
                "pyCustomer": "DSSUSR10",
                "pyCustomerEnterprise": "NSW Gov",
                "pyCustomerName": "DSS1ONLY TEST USERID",
                "pyCustomerOrg": "Dept of energy NSW2",
                "pyID": "TGCTTR-000106297",
                "pyResolvedTimestamp": "2020-05-12T12:40:02.475Z",
                "pyStatusWork": "Resolved-Withdrawn",
                "pzInsKey": "ANZ-DCS-WORK TGCTTR-000106297",
                "ReceivedDateTime": "2020-05-11T15:40:22.642Z",
                "RequestCategory": "DCS CERS CONFIG",
                "RequestType": "Requesting a Trace Domestic",
                "ServiceRequestExternalName": "Trace a Transaction"
              },
              {
                "ActionType": "CERS Request",
                "BusinessArea": "Payments & Cash",
                "CustomerReferenceID": "testref",
                "OperationCategory": "Service",
                "pxCreateDateTime": "2020-05-11T16:40:06.118Z",
                "pxObjClass": "ANZ-DCS-Work-ServiceRequest",
                "pxUpdateDateTime": "2020-05-12T12:37:40.004Z",
                "pxUpdateOperator": "Kumara1",
                "pyCustomer": "DSSUSR10",
                "pyCustomerEnterprise": "NSW Gov",
                "pyCustomerName": "DSS1ONLY TEST USERID",
                "pyCustomerOrg": "Dept of energy NSW2",
                "pyID": "TGCTTR-000106305",
                "pyResolvedTimestamp": "2020-05-12T12:37:39.975Z",
                "pyStatusWork": "Resolved-Withdrawn",
                "pzInsKey": "ANZ-DCS-WORK TGCTTR-000106305",
                "ReceivedDateTime": "2020-05-11T16:40:05.026Z",
                "RequestCategory": "DCS CERS CONFIG",
                "RequestType": "Requesting a Trace Domestic",
                "ServiceRequestExternalName": "Trace a Transaction"
              },
              {
                "ActionType": "CERS Request",
                "BusinessArea": "Payments & Cash",
                "CustomerReferenceID": "testref",
                "OperationCategory": "Service",
                "pxCreateDateTime": "2020-05-11T17:40:07.314Z",
                "pxObjClass": "ANZ-DCS-Work-ServiceRequest",
                "pxUpdateDateTime": "2020-05-12T12:33:44.413Z",
                "pxUpdateOperator": "Kumara1",
                "pyCustomer": "DSSUSR10",
                "pyCustomerEnterprise": "NSW Gov",
                "pyCustomerName": "DSS1ONLY TEST USERID",
                "pyCustomerOrg": "Dept of energy NSW2",
                "pyID": "TGCTTR-000106298",
                "pyResolvedTimestamp": "2020-05-12T12:33:44.361Z",
                "pyStatusWork": "Resolved-Withdrawn",
                "pzInsKey": "ANZ-DCS-WORK TGCTTR-000106298",
                "ReceivedDateTime": "2020-05-11T17:40:05.824Z",
                "RequestCategory": "DCS CERS CONFIG",
                "RequestType": "Requesting a Trace Domestic",
                "ServiceRequestExternalName": "Trace a Transaction"
              },
              {
                "ActionType": "CERS Request",
                "BusinessArea": "Payments & Cash",
                "CustomerReferenceID": "testref",
                "OperationCategory": "Service",
                "pxCreateDateTime": "2020-05-11T20:40:12.713Z",
                "pxObjClass": "ANZ-DCS-Work-ServiceRequest",
                "pxUpdateDateTime": "2020-05-12T12:26:35.932Z",
                "pxUpdateOperator": "Kumara1",
                "pyCustomer": "DSSUSR10",
                "pyCustomerEnterprise": "NSW Gov",
                "pyCustomerName": "DSS1ONLY TEST USERID",
                "pyCustomerOrg": "Dept of energy NSW2",
                "pyID": "TGCTTR-000106299",
                "pySLADeadline": "2020-05-25T22:00:00.000Z",
                "pySLAGoal": "2020-05-18T22:00:00.000Z",
                "pyStatusWork": "Pending-MoreInfo",
                "pzInsKey": "ANZ-DCS-WORK TGCTTR-000106299",
                "ReceivedDateTime": "2020-05-11T20:40:11.538Z",
                "RequestCategory": "DCS CERS CONFIG",
                "RequestType": "Requesting a Trace Domestic",
                "ServiceRequestExternalName": "Trace a Transaction"
              },
              {
                "ActionType": "CERS Request",
                "BusinessArea": "Payments & Cash",
                "CustomerReferenceID": "testref",
                "OperationCategory": "Service",
                "pxCreateDateTime": "2020-05-11T21:40:05.808Z",
                "pxObjClass": "ANZ-DCS-Work-ServiceRequest",
                "pxUpdateDateTime": "2020-05-12T12:23:26.370Z",
                "pxUpdateOperator": "Kumara1",
                "pyCustomer": "DSSUSR10",
                "pyCustomerEnterprise": "NSW Gov",
                "pyCustomerName": "DSS1ONLY TEST USERID",
                "pyCustomerOrg": "Dept of energy NSW2",
                "pyID": "TGCTTR-000106320",
                "pySLADeadline": "2020-05-25T22:00:00.000Z",
                "pySLAGoal": "2020-05-18T22:00:00.000Z",
                "pyStatusWork": "Pending-MoreInfo",
                "pzInsKey": "ANZ-DCS-WORK TGCTTR-000106320",
                "ReceivedDateTime": "2020-05-11T21:40:03.868Z",
                "RequestCategory": "DCS CERS CONFIG",
                "RequestType": "Requesting a Trace Domestic",
                "ServiceRequestExternalName": "Trace a Transaction"
              },
              {
                "ActionType": "CERS Request",
                "BusinessArea": "Payments & Cash",
                "CustomerReferenceID": "testref",
                "OperationCategory": "Service",
                "pxCreateDateTime": "2020-05-11T23:40:04.579Z",
                "pxObjClass": "ANZ-DCS-Work-ServiceRequest",
                "pxUpdateDateTime": "2020-05-12T12:17:42.019Z",
                "pxUpdateOperator": "Kumara1",
                "pyCustomer": "DSSUSR10",
                "pyCustomerEnterprise": "NSW Gov",
                "pyCustomerName": "DSS1ONLY TEST USERID",
                "pyCustomerOrg": "Dept of energy NSW2",
                "pyID": "TGCTTR-000106308",
                "pySLADeadline": "2020-05-25T23:40:03.613Z",
                "pySLAGoal": "2020-05-18T23:40:03.613Z",
                "pyStatusWork": "Pending-MoreInfo",
                "pzInsKey": "ANZ-DCS-WORK TGCTTR-000106308",
                "ReceivedDateTime": "2020-05-11T23:40:03.613Z",
                "RequestCategory": "DCS CERS CONFIG",
                "RequestType": "Requesting a Trace Domestic",
                "ServiceRequestExternalName": "Trace a Transaction"
              },
              {
                "ActionType": "CERS Request",
                "BusinessArea": "Payments & Cash",
                "CustomerReferenceID": "testref",
                "OperationCategory": "Service",
                "pxCreateDateTime": "2020-05-11T19:40:06.633Z",
                "pxObjClass": "ANZ-DCS-Work-ServiceRequest",
                "pxUpdateDateTime": "2020-05-11T19:40:06.730Z",
                "pxUpdateOperator": "dcsapiuser",
                "pyCustomer": "DSSUSR10",
                "pyCustomerEnterprise": "NSW Gov",
                "pyCustomerName": "DSS1ONLY TEST USERID",
                "pyCustomerOrg": "Dept of energy NSW2",
                "pyID": "TGCTTR-000106307",
                "pySLADeadline": "2020-05-25T22:00:00.000Z",
                "pySLAGoal": "2020-05-18T22:00:00.000Z",
                "pyStatusWork": "Pending-MoreInfo",
                "pzInsKey": "ANZ-DCS-WORK TGCTTR-000106307",
                "ReceivedDateTime": "2020-05-11T19:40:05.613Z",
                "RequestCategory": "DCS CERS CONFIG",
                "RequestType": "Requesting a Trace Domestic",
                "ServiceRequestExternalName": "Trace a Transaction"
              },
              {
                "ActionType": "CERS Request",
                "BusinessArea": "Payments & Cash",
                "CustomerReferenceID": "testref",
                "OperationCategory": "Service",
                "pxCreateDateTime": "2020-05-11T18:40:05.111Z",
                "pxObjClass": "ANZ-DCS-Work-ServiceRequest",
                "pxUpdateDateTime": "2020-05-11T18:40:05.209Z",
                "pxUpdateOperator": "dcsapiuser",
                "pyCustomer": "DSSUSR10",
                "pyCustomerEnterprise": "NSW Gov",
                "pyCustomerName": "DSS1ONLY TEST USERID",
                "pyCustomerOrg": "Dept of energy NSW2",
                "pyID": "TGCTTR-000106306",
                "pySLADeadline": "2020-05-25T22:00:00.000Z",
                "pySLAGoal": "2020-05-18T22:00:00.000Z",
                "pyStatusWork": "Pending-MoreInfo",
                "pzInsKey": "ANZ-DCS-WORK TGCTTR-000106306",
                "ReceivedDateTime": "2020-05-11T18:40:04.231Z",
                "RequestCategory": "DCS CERS CONFIG",
                "RequestType": "Requesting a Trace Domestic",
                "ServiceRequestExternalName": "Trace a Transaction"
              },
              {
                "ActionType": "CERS Request",
                "BusinessArea": "Payments & Cash",
                "CustomerReferenceID": "testref",
                "OperationCategory": "Service",
                "pxCreateDateTime": "2020-05-10T19:40:04.467Z",
                "pxObjClass": "ANZ-DCS-Work-ServiceRequest",
                "pxUpdateDateTime": "2020-05-11T09:46:29.061Z",
                "pxUpdateOperator": "Kumara1",
                "pyCustomer": "DSSUSR10",
                "pyCustomerEnterprise": "NSW Gov",
                "pyCustomerName": "DSS1ONLY TEST USERID",
                "pyCustomerOrg": "Dept of energy NSW2",
                "pyID": "TGCTTR-000106234",
                "pyStatusWork": "Resolved-Completed",
                "pzInsKey": "ANZ-DCS-WORK TGCTTR-000106234",
                "ReceivedDateTime": "2020-05-10T19:40:03.343Z",
                "RequestCategory": "DCS CERS CONFIG",
                "RequestType": "Requesting a Trace Domestic",
                "ServiceRequestExternalName": "Trace a Transaction"
              },
              {
                "ActionType": "CERS Request",
                "BusinessArea": "Payments & Cash",
                "CustomerReferenceID": "testref",
                "OperationCategory": "Service",
                "pxCreateDateTime": "2020-05-11T00:40:24.377Z",
                "pxObjClass": "ANZ-DCS-Work-ServiceRequest",
                "pxUpdateDateTime": "2020-05-11T09:35:31.665Z",
                "pxUpdateOperator": "Kumara1",
                "pyCustomer": "DSSUSR10",
                "pyCustomerEnterprise": "NSW Gov",
                "pyCustomerName": "DSS1ONLY TEST USERID",
                "pyCustomerOrg": "Dept of energy NSW2",
                "pyID": "TGCTTR-000106237",
                "pyResolvedTimestamp": "2020-05-11T09:35:31.640Z",
                "pyStatusWork": "Resolved-Withdrawn",
                "pzInsKey": "ANZ-DCS-WORK TGCTTR-000106237",
                "ReceivedDateTime": "2020-05-11T00:40:03.355Z",
                "RequestCategory": "DCS CERS CONFIG",
                "RequestType": "Requesting a Trace Domestic",
                "ServiceRequestExternalName": "Trace a Transaction"
              },
              {
                "ActionType": "CERS Request",
                "BusinessArea": "Payments & Cash",
                "CustomerReferenceID": "testref",
                "OperationCategory": "Service",
                "pxCreateDateTime": "2020-05-10T23:40:05.462Z",
                "pxObjClass": "ANZ-DCS-Work-ServiceRequest",
                "pxUpdateDateTime": "2020-05-11T09:31:46.404Z",
                "pxUpdateOperator": "Kumara1",
                "pyCustomer": "DSSUSR10",
                "pyCustomerEnterprise": "NSW Gov",
                "pyCustomerName": "DSS1ONLY TEST USERID",
                "pyCustomerOrg": "Dept of energy NSW2",
                "pyID": "TGCTTR-000106245",
                "pyResolvedTimestamp": "2020-05-11T09:31:46.357Z",
                "pyStatusWork": "Resolved-Withdrawn",
                "pzInsKey": "ANZ-DCS-WORK TGCTTR-000106245",
                "ReceivedDateTime": "2020-05-10T23:40:03.774Z",
                "RequestCategory": "DCS CERS CONFIG",
                "RequestType": "Requesting a Trace Domestic",
                "ServiceRequestExternalName": "Trace a Transaction"
              },
              {
                "ActionType": "NSWG ANZ Transactive TransTasman",
                "BusinessArea": "Payments & Cash",
                "pxCreateDateTime": "2020-05-07T08:42:45.374Z",
                "pxObjClass": "ANZ-DCS-Work-ServiceRequest",
                "pxUpdateDateTime": "2020-05-07T09:25:18.601Z",
                "pxUpdateOperator": "dcsapiuser",
                "pyCustomer": "DSSUSR10",
                "pyCustomerEnterprise": "NSW Government Ltd",
                "pyCustomerName": "DSS1ONLY TEST USERID",
                "pyCustomerOrg": "Dept. of Energy - NSW1 / UP (T&T, F'!)",
                "pyID": "TGAAAL-000106076",
                "pyResolvedTimestamp": "2020-05-07T09:25:18.575Z",
                "pyStatusWork": "Resolved-Withdrawn",
                "pzInsKey": "ANZ-DCS-WORK TGAAAL-000106076",
                "ReceivedDateTime": "2020-05-07T08:42:01.782Z",
                "RequestCategory": "PCOA NSW Gov AUS",
                "RequestType": "NSWG ANZ TTT Maintenance with Device",
                "ServiceRequestExternalName": "Add Loan Deal"
              },
              {
                "ActionType": "CERS Request",
                "BusinessArea": "Payments & Cash",
                "CustomerReferenceID": "asdasdads",
                "OperationCategory": "Service",
                "pxCreateDateTime": "2020-05-05T02:41:04.522Z",
                "pxObjClass": "ANZ-DCS-Work-ServiceRequest",
                "pxUpdateDateTime": "2020-05-05T03:09:44.408Z",
                "pyCustomer": "DSSUSR09",
                "pyCustomerEnterprise": "NSW Gov",
                "pyCustomerName": "DSS USR09",
                "pyCustomerOrg": "Dept of energy NSW2",
                "pyID": "TGCTBR-000105864",
                "pyResolvedTimestamp": "2020-05-05T03:09:44.323Z",
                "pyStatusWork": "Resolved-Withdrawn",
                "pzInsKey": "ANZ-DCS-WORK TGCTBR-000105864",
                "ReceivedDateTime": "2020-05-05T02:41:03.701Z",
                "RequestCategory": "DCS CERS CONFIG",
                "RequestType": "Backdate Transaction",
                "ServiceRequestExternalName": "Backdate Transaction"
              },
              {
                "ActionType": "CERS Request",
                "BusinessArea": "Payments & Cash",
                "CustomerReferenceID": "dasdasd",
                "OperationCategory": "Service",
                "pxCreateDateTime": "2020-05-05T02:42:25.118Z",
                "pxObjClass": "ANZ-DCS-Work-ServiceRequest",
                "pxUpdateDateTime": "2020-05-05T02:54:39.531Z",
                "pyCustomer": "DSSUSR09",
                "pyCustomerEnterprise": "NSW Gov",
                "pyCustomerName": "DSS USR09",
                "pyCustomerOrg": "Dept of energy NSW2",
                "pyID": "TGCTBR-000105867",
                "pyResolvedTimestamp": "2020-05-05T02:54:39.508Z",
                "pyStatusWork": "Resolved-Completed",
                "pzInsKey": "ANZ-DCS-WORK TGCTBR-000105867",
                "ReceivedDateTime": "2020-05-05T02:42:24.604Z",
                "RequestCategory": "DCS CERS CONFIG",
                "RequestType": "Backdate Transaction",
                "ServiceRequestExternalName": "Backdate Transaction"
              },
              {
                "ActionType": "CERS Request",
                "BusinessArea": "Payments & Cash",
                "CustomerReferenceID": "lkjlkjl",
                "OperationCategory": "Service",
                "pxCreateDateTime": "2020-05-04T04:16:57.870Z",
                "pxObjClass": "ANZ-DCS-Work-ServiceRequest",
                "pxUpdateDateTime": "2020-05-04T20:00:57.715Z",
                "pyCustomer": "DSSUSR09",
                "pyCustomerEnterprise": "NSW Gov",
                "pyCustomerName": "DSS USR09",
                "pyCustomerOrg": "Dept of energy NSW2",
                "pyID": "TGCTBR-000105813",
                "pyResolvedTimestamp": "2020-05-04T20:00:57.683Z",
                "pyStatusWork": "Resolved-Withdrawn",
                "pzInsKey": "ANZ-DCS-WORK TGCTBR-000105813",
                "ReceivedDateTime": "2020-05-04T04:16:57.089Z",
                "RequestCategory": "DCS CERS CONFIG",
                "RequestType": "Backdate Transaction",
                "ServiceRequestExternalName": "Backdate Transaction"
              },
              {
                "ActionType": "CERS Request",
                "BusinessArea": "Payments & Cash",
                "CustomerReferenceID": "ljklkj",
                "OperationCategory": "Service",
                "pxCreateDateTime": "2020-05-04T04:16:25.521Z",
                "pxObjClass": "ANZ-DCS-Work-ServiceRequest",
                "pxUpdateDateTime": "2020-05-04T20:00:57.589Z",
                "pyCustomer": "DSSUSR09",
                "pyCustomerEnterprise": "NSW Gov",
                "pyCustomerName": "DSS USR09",
                "pyCustomerOrg": "Dept of energy NSW2",
                "pyID": "TGCTBR-000105812",
                "pyResolvedTimestamp": "2020-05-04T20:00:57.536Z",
                "pyStatusWork": "Resolved-Withdrawn",
                "pzInsKey": "ANZ-DCS-WORK TGCTBR-000105812",
                "ReceivedDateTime": "2020-05-04T04:16:24.864Z",
                "RequestCategory": "DCS CERS CONFIG",
                "RequestType": "Backdate Transaction",
                "ServiceRequestExternalName": "Backdate Transaction"
              },
              {
                "ActionType": "CERS Request",
                "BusinessArea": "Payments & Cash",
                "OperationCategory": "Service",
                "pxCreateDateTime": "2020-02-13T02:37:55.674Z",
                "pxObjClass": "ANZ-DCS-Work-ServiceRequest",
                "pxUpdateDateTime": "2020-03-12T02:37:56.153Z",
                "pxUpdateOperator": "System",
                "pyCustomer": "DSSUSR09",
                "pyCustomerEnterprise": "NSW Gov",
                "pyCustomerName": "DSS USR09",
                "pyCustomerOrg": "Dept of energy NSW2",
                "pyID": "TGCDDE-000104465",
                "pySLADeadline": "2020-03-12T02:37:55.089Z",
                "pySLAGoal": "2020-02-20T02:37:55.089Z",
                "pyStatusWork": "Pending-MoreInfo",
                "pzInsKey": "ANZ-DCS-WORK TGCDDE-000104465",
                "ReceivedDateTime": "2020-02-13T02:37:55.089Z",
                "RequestCategory": "DCS CERS CONFIG",
                "RequestType": "Dispute direct debit transaction",
                "ServiceRequestExternalName": "Dispute direct debit transaction"
              }
            ]
          }
        }
      }
    ]
  }
]
