[
  {
    "apiDetails": {
      "URL": "/institutional-transactions-stop/account/transactions",
      "METHOD": "POST"
    },
    "mockData": [
      {
        "matcher": {
          "query": {
            "lowChequeNumber": "0000100001"
          }
        },
        "response": {
          "httpStatus": 200,
          "body": {
            "requestId": "@@header.requestid",
            "version": 1.1,
            "clientInformation": "TGO",
            "recordSent": 1,
            "recordFlag": "N",
            "currencyCode": "AUD",
            "accountNumber": "@@body.$['accountNumber']",
            "country": "AU",
            "accountSystem": "CMM",
            "bsbCode": "013030",
            "availableDate": "2020-10-05T20:45:17.043+10:00",
            "transactionReference": [
              {
                "postDate": "@@query.startDate",
                "effectiveDate": "@@query.startDate",
                "transactionMemo": "CHEQUE TENNANT CREEK",
                "chequeNumber": "0000852741",
                "baiCode": "475",
                "cbsTranCode": "000",
                "swiftTxnCode": "CHK",
                "debitCreditType": "Dr",
                "auxDom": "0000000000",
                "extraAuxDom": "0000000000",
                "traceNumber": "5889T0902570",
                "fundCode": "F",
                "transactionDetail": "CHEQUE",
                "transactionId": "201606062000658",
                "channelCode": "205",
                "transactionAmount": "@@query.lowChequeAmount",
                "transactionCurrency": "AUD",
                "bsbBranchReference": "015889",
                "bankReference": "852741",
                "sequenceNumber": "2000658"
              }
            ]
          }
        }
      },
      {
        "matcher": {
          "query": {
            "lowChequeNumber": "0000100002"
          }
        },
        "response": {
          "httpStatus": 200,
          "body": {
            "requestId": "@@header.requestid",
            "version": 1.1,
            "clientInformation": "TGO",
            "recordSent": 1,
            "recordFlag": "N",
            "currencyCode": "AUD",
            "accountNumber": "@@body.$['accountNumber']",
            "country": "AU",
            "accountSystem": "CMM",
            "bsbCode": "013030",
            "availableDate": "2020-10-05T20:45:17.043+10:00",
            "transactionReference": [
              {
                "postDate": "@@query.startDate",
                "effectiveDate": "@@query.startDate",
                "transactionMemo": "CHEQUE TENNANT CREEK",
                "chequeNumber": "0000852741",
                "baiCode": "475",
                "cbsTranCode": "000",
                "swiftTxnCode": "CHK",
                "debitCreditType": "Dr",
                "auxDom": "0000000000",
                "extraAuxDom": "0000000000",
                "traceNumber": "3340Y6921680",
                "fundCode": "F",
                "transactionDetail": "CHEQUE",
                "transactionId": "201606062000658",
                "channelCode": "205",
                "transactionAmount": "@@query.lowChequeAmount",
                "transactionCurrency": "AUD",
                "bsbBranchReference": "015889",
                "bankReference": "852741",
                "sequenceNumber": "2000658"
              }
            ]
          }
        }
      },
      {
        "matcher": {
          "query": {
            "lowChequeNumber": "0000100003"
          }
        },
        "response": {
          "httpStatus": 200,
          "body": {
            "requestId": "@@header.requestid",
            "version": 1.1,
            "clientInformation": "TGO",
            "recordSent": 1,
            "recordFlag": "N",
            "currencyCode": "AUD",
            "accountNumber": "@@body.$['accountNumber']",
            "country": "AU",
            "accountSystem": "CMM",
            "bsbCode": "013030",
            "availableDate": "2020-10-05T20:45:17.043+10:00",
            "transactionReference": [
              {
                "postDate": "@@query.startDate",
                "effectiveDate": "@@query.startDate",
                "transactionMemo": "CHEQUE TENNANT CREEK",
                "chequeNumber": "0000852741",
                "baiCode": "475",
                "cbsTranCode": "000",
                "swiftTxnCode": "CHK",
                "debitCreditType": "Dr",
                "auxDom": "0000000000",
                "extraAuxDom": "0000000000",
                "traceNumber": "7324P3758790",
                "fundCode": "F",
                "transactionDetail": "CHEQUE",
                "transactionId": "201606062000658",
                "channelCode": "205",
                "transactionAmount": "@@query.lowChequeAmount",
                "transactionCurrency": "AUD",
                "bsbBranchReference": "015889",
                "bankReference": "852741",
                "sequenceNumber": "2000658"
              }
            ]
          }
        }
      },
      {
        "matcher": {
          "query": {
            "lowChequeNumber": "0000100004"
          }
        },
        "response": {
          "httpStatus": 504
        }
      },
      {
        "matcher": {
          "query": {
            "lowChequeNumber": "0000100005"
          }
        },
        "response": {
          "httpStatus": 503
        }
      },
      {
        "matcher": {
          "query": {
            "lowChequeNumber": "0000100006"
          }
        },
        "response": {
          "httpStatus": 400
        }
      },
      {
        "matcher": {
          "query": {
            "lowChequeNumber": "0000100007"
          }
        },
        "responseLoop": [
          {
            "httpStatus": 401
          },
          {
            "httpStatus": 401
          },
          {
            "httpStatus": 500
          }
        ]
      },
      {
        "matcher": {
        },
        "response": {
          "httpStatus": 200,
          "body": {
            "requestId": "@@header.requestId",
            "version": 1.1,
            "clientInformation": "TGO",
            "recordSent": 0,
            "recordFlag": "N",
            "currencyCode": "AUD",
            "accountNumber": "@@body.$['accountNumber']",
            "country": "AU",
            "accountSystem": "CMM",
            "bsbCode": "@@query.bsbCode",
            "availableDate": "2020-08-05T20:45:17.043+10:00"
          }
        }
      }
    ]
  }
]
